-- phpMyAdmin SQL Dump
-- version 4.9.1
-- https://www.phpmyadmin.net/
--
-- Host: 127.0.0.1
-- Generation Time: May 10, 2022 at 10:54 PM
-- Server version: 10.4.8-MariaDB
-- PHP Version: 7.3.11

SET SQL_MODE = "NO_AUTO_VALUE_ON_ZERO";
SET AUTOCOMMIT = 0;
START TRANSACTION;
SET time_zone = "+00:00";


/*!40101 SET @OLD_CHARACTER_SET_CLIENT=@@CHARACTER_SET_CLIENT */;
/*!40101 SET @OLD_CHARACTER_SET_RESULTS=@@CHARACTER_SET_RESULTS */;
/*!40101 SET @OLD_COLLATION_CONNECTION=@@COLLATION_CONNECTION */;
/*!40101 SET NAMES utf8mb4 */;

--
-- Database: `skripsi`
--

-- --------------------------------------------------------

--
-- Table structure for table `basis_pengetahuan`
--

CREATE TABLE `basis_pengetahuan` (
  `kode_pengetahuan` varchar(5) NOT NULL,
  `kode_hp` varchar(3) NOT NULL,
  `kode_gejala` varchar(4) NOT NULL,
  `gambar_gejala` varchar(255) NOT NULL,
  `mb` double NOT NULL,
  `md` double NOT NULL,
  `cf_pakar` double NOT NULL
) ENGINE=InnoDB DEFAULT CHARSET=utf8mb4;

--
-- Dumping data for table `basis_pengetahuan`
--

INSERT INTO `basis_pengetahuan` (`kode_pengetahuan`, `kode_hp`, `kode_gejala`, `gambar_gejala`, `mb`, `md`, `cf_pakar`) VALUES
('BP001', 'P01', 'G001', 'thrips_4.png', 0.6, 0.4, 0.2),
('BP002', 'P01', 'G008', 'thrips5.png', 0.8, 0.4, 0.4),
('BP003', 'P01', 'G012', '', 0.8, 0.6, 0.2),
('BP004', 'P01', 'G017', 'buahtrhrips.png', 0.8, 0.6, 0.2),
('BP005', 'P02', 'G015', '20210524_131652.jpg', 1, 0.8, 0.2),
('BP006', 'P02', 'G018', '20210623_084332.jpg', 1, 0, 1),
('BP007', 'P03', 'G002', '20210604_092823.jpg', 0.6, 0.4, 0.2),
('BP008', 'P03', 'G010', 'kaku.png', 0.6, 0.4, 0.2),
('BP009', 'P03', 'G012', 'empoasca.png', 0.8, 0.6, 0.2),
('BP010', 'P03', 'G009', 'mosaik.png', 1, 0.4, 0.6),
('BP011', 'P04', 'G008', 'fusariummm.jpeg', 0.8, 0.4, 0.4),
('BP012', 'P04', 'G013', 'fusariumlayu.jpeg', 0.8, 0.4, 0.4),
('BP013', 'P04', 'G014', 'fusariumrontok.jpeg', 0.8, 0.4, 0.4),
('BP014', 'P04', 'G016', 'fusariumpucuk.jpeg', 1, 0.6, 0.4),
('BP015', 'P05', 'G006', '20210623_093837.jpg', 0.6, 0, 0.6),
('BP016', 'P05', 'G007', '20210524_134419.jpg', 0.6, 0, 0.6),
('BP017', 'P05', 'G008', '20210524_141925.jpg', 0.8, 0.6, 0.2),
('BP018', 'P05', 'G011', 'empoascaa.jpeg', 1, 0.4, 0.6),
('BP019', 'P05', 'G014', '', 0.8, 0.4, 0.4),
('BP020', 'P06', 'G003', 'antrak.png', 0.6, 0.4, 0.2),
('BP021', 'P06', 'G004', 'antraknosaaa.png', 0.6, 0.4, 0.2),
('BP022', 'P06', 'G011', 'antraknosaa.png', 0.8, 0.4, 0.4),
('BP023', 'P06', 'G014', '', 1, 0.4, 0.6),
('BP024', 'P07', 'G002', 'bercakslurr.png', 0.6, 0, 0.6),
('BP025', 'P07', 'G005', 'tes.png', 0.8, 0.4, 0.4);

-- --------------------------------------------------------

--
-- Table structure for table `diagnosa`
--

CREATE TABLE `diagnosa` (
  `kode_diagnosa` int(11) NOT NULL,
  `kode_hp` varchar(3) NOT NULL,
  `hasil_hp` text NOT NULL,
  `hasil_gejala` text NOT NULL,
  `hasil_nilai` double NOT NULL
) ENGINE=InnoDB DEFAULT CHARSET=utf8mb4;

--
-- Dumping data for table `diagnosa`
--

INSERT INTO `diagnosa` (`kode_diagnosa`, `kode_hp`, `hasil_hp`, `hasil_gejala`, `hasil_nilai`) VALUES
(26, 'P01', '{\"P01\":\"0.4288\",\"P02\":\"0.2400\"}', '{\"G001\":\"1\",\"G002\":\"1\"}', 0.4288),
(27, 'P01', '{\"P01\":\"0.5376\",\"P02\":\"0.4800\"}', '{\"G001\":\"1\",\"G002\":\"3\"}', 0.5376),
(28, 'P01', '{\"P01\":\"0.5376\",\"P02\":\"0.4800\"}', '{\"G001\":\"1\",\"G002\":\"3\"}', 0.5376),
(29, 'P02', '{\"P02\":\"0.3600\",\"P01\":\"0.2400\"}', '{\"G002\":\"2\"}', 0.36),
(30, 'P02', '{\"P02\":\"0.3600\",\"P01\":\"0.2400\"}', '{\"G002\":\"2\"}', 0.36),
(31, 'P01', '{\"P01\":\"0.4832\",\"P02\":\"0.3600\"}', '{\"G001\":\"1\",\"G002\":\"2\"}', 0.4832),
(32, 'P01', '{\"P01\":\"0.4832\",\"P02\":\"0.3600\"}', '{\"G001\":\"1\",\"G002\":\"2\"}', 0.4832),
(33, 'P01', '{\"P01\":\"0.4832\",\"P02\":\"0.3600\"}', '{\"G001\":\"1\",\"G002\":\"2\"}', 0.4832),
(34, 'P01', '{\"P01\":\"0.5376\",\"P02\":\"0.4800\"}', '{\"G001\":\"1\",\"G002\":\"3\"}', 0.5376),
(35, 'P01', '{\"P01\":\"0.5376\",\"P02\":\"0.4800\"}', '{\"G001\":\"1\",\"G002\":\"3\"}', 0.5376),
(36, 'P01', '{\"P01\":\"0.5376\",\"P02\":\"0.4800\"}', '{\"G001\":\"1\",\"G002\":\"3\"}', 0.5376),
(37, 'P01', '{\"P01\":\"0.5376\",\"P02\":\"0.4800\"}', '{\"G001\":\"1\",\"G002\":\"3\"}', 0.5376),
(38, 'P01', '{\"P01\":\"0.3200\"}', '{\"G001\":\"1\"}', 0.32),
(39, 'P01', '{\"P01\":\"0.3200\"}', '{\"G001\":\"1\"}', 0.32),
(40, 'P02', '{\"P02\":\"0.3600\",\"P01\":\"0.2400\"}', '{\"G002\":\"2\"}', 0.36),
(41, 'P01', '{\"P01\":\"0.5376\",\"P02\":\"0.4800\"}', '{\"G001\":\"1\",\"G002\":\"3\"}', 0.5376),
(42, 'P01', '{\"P01\":\"0.4832\",\"P02\":\"0.3600\"}', '{\"G001\":\"1\",\"G002\":\"2\"}', 0.4832),
(43, 'P01', '{\"P01\":\"0.5376\",\"P02\":\"0.4800\"}', '{\"G001\":\"1\",\"G002\":\"3\"}', 0.5376),
(44, 'P01', '{\"P01\":\"0.5376\",\"P02\":\"0.4800\"}', '{\"G001\":\"1\",\"G002\":\"3\"}', 0.5376),
(45, 'P01', '{\"P01\":\"0.3200\"}', '{\"G001\":\"1\"}', 0.32),
(46, 'P01', '{\"P01\":\"0.5376\",\"P02\":\"0.4800\"}', '{\"G001\":\"1\",\"G002\":\"3\"}', 0.5376),
(47, 'P01', '{\"P01\":\"0.5376\",\"P02\":\"0.4800\"}', '{\"G001\":\"1\",\"G002\":\"3\"}', 0.5376),
(48, 'P01', '{\"P01\":\"0.5376\",\"P02\":\"0.4800\"}', '{\"G001\":\"1\",\"G002\":\"3\"}', 0.5376),
(49, 'P01', '{\"P01\":\"0.5376\",\"P02\":\"0.4800\"}', '{\"G001\":\"1\",\"G002\":\"3\"}', 0.5376),
(50, 'P01', '{\"P01\":\"0.5376\",\"P02\":\"0.4800\"}', '{\"G001\":\"1\",\"G002\":\"3\"}', 0.5376),
(51, 'P01', '{\"P01\":\"0.5376\",\"P02\":\"0.4800\"}', '{\"G001\":\"1\",\"G002\":\"3\"}', 0.5376),
(52, 'P01', '{\"P01\":\"0.5376\",\"P02\":\"0.4800\"}', '{\"G001\":\"1\",\"G002\":\"3\"}', 0.5376),
(53, 'P01', '{\"P01\":\"0.5376\",\"P02\":\"0.4800\"}', '{\"G001\":\"1\",\"G002\":\"3\"}', 0.5376),
(54, 'P01', '{\"P01\":\"0.4832\",\"P02\":\"0.3600\"}', '{\"G001\":\"1\",\"G002\":\"2\"}', 0.4832),
(55, 'P01', '{\"P01\":\"0.4832\",\"P02\":\"0.3600\"}', '{\"G001\":\"1\",\"G002\":\"2\"}', 0.4832),
(56, 'P01', '{\"P01\":\"0.4832\",\"P02\":\"0.3600\"}', '{\"G001\":\"1\",\"G002\":\"2\"}', 0.4832),
(57, 'P01', '{\"P01\":\"0.3200\"}', '{\"G001\":\"1\"}', 0.32),
(58, 'P01', '{\"P01\":\"0.3200\"}', '{\"G001\":\"1\"}', 0.32),
(59, 'P01', '{\"P01\":\"0.3200\"}', '{\"G001\":\"1\"}', 0.32),
(60, 'P01', '{\"P01\":\"0.4832\",\"P02\":\"0.3600\"}', '{\"G001\":\"1\",\"G002\":\"2\"}', 0.4832),
(61, 'P01', '{\"P01\":\"0.4832\",\"P02\":\"0.3600\"}', '{\"G001\":\"1\",\"G002\":\"2\"}', 0.4832),
(62, 'P01', '{\"P01\":\"0.4832\",\"P02\":\"0.3600\"}', '{\"G001\":\"1\",\"G002\":\"2\"}', 0.4832),
(63, 'P01', '{\"P01\":\"0.5376\",\"P02\":\"0.4800\"}', '{\"G001\":\"1\",\"G002\":\"3\"}', 0.5376),
(64, 'P01', '{\"P01\":\"0.5376\",\"P02\":\"0.4800\"}', '{\"G001\":\"1\",\"G002\":\"3\"}', 0.5376),
(65, 'P01', '{\"P01\":\"0.5376\",\"P02\":\"0.4800\"}', '{\"G001\":\"1\",\"G002\":\"3\"}', 0.5376),
(66, 'P01', '{\"P01\":\"0.5376\",\"P02\":\"0.4800\"}', '{\"G001\":\"1\",\"G002\":\"3\"}', 0.5376),
(67, 'P01', '{\"P01\":\"0.5376\",\"P02\":\"0.4800\"}', '{\"G001\":\"1\",\"G002\":\"3\"}', 0.5376),
(68, 'P01', '{\"P01\":\"0.5376\",\"P02\":\"0.4800\"}', '{\"G001\":\"1\",\"G002\":\"3\"}', 0.5376),
(69, 'P01', '{\"P01\":\"0.5376\",\"P02\":\"0.4800\"}', '{\"G001\":\"1\",\"G002\":\"3\"}', 0.5376),
(70, 'P01', '{\"P01\":\"0.5376\",\"P02\":\"0.4800\"}', '{\"G001\":\"1\",\"G002\":\"3\"}', 0.5376),
(71, 'P01', '{\"P01\":\"0.5376\",\"P02\":\"0.4800\"}', '{\"G001\":\"1\",\"G002\":\"3\"}', 0.5376),
(72, 'P01', '{\"P01\":\"0.5376\",\"P02\":\"0.4800\"}', '{\"G001\":\"1\",\"G002\":\"3\"}', 0.5376),
(73, 'P01', '{\"P01\":\"0.5376\",\"P02\":\"0.4800\"}', '{\"G001\":\"1\",\"G002\":\"3\"}', 0.5376),
(74, 'P01', '{\"P01\":\"0.5376\",\"P02\":\"0.4800\"}', '{\"G001\":\"1\",\"G002\":\"3\"}', 0.5376),
(75, 'P01', '{\"P01\":\"0.5376\",\"P02\":\"0.4800\"}', '{\"G001\":\"1\",\"G002\":\"3\"}', 0.5376),
(76, 'P01', '{\"P01\":\"0.5376\",\"P02\":\"0.4800\"}', '{\"G001\":\"1\",\"G002\":\"3\"}', 0.5376),
(77, 'P01', '{\"P01\":\"0.5376\",\"P02\":\"0.4800\"}', '{\"G001\":\"1\",\"G002\":\"3\"}', 0.5376),
(78, 'P01', '{\"P01\":\"0.5376\",\"P02\":\"0.4800\"}', '{\"G001\":\"1\",\"G002\":\"3\"}', 0.5376),
(79, 'P01', '{\"P01\":\"0.5376\",\"P02\":\"0.4800\"}', '{\"G001\":\"1\",\"G002\":\"3\"}', 0.5376),
(80, 'P01', '{\"P01\":\"0.5376\",\"P02\":\"0.4800\"}', '{\"G001\":\"1\",\"G002\":\"3\"}', 0.5376),
(81, 'P01', '{\"P01\":\"0.5376\",\"P02\":\"0.4800\"}', '{\"G001\":\"1\",\"G002\":\"3\"}', 0.5376),
(82, 'P01', '{\"P01\":\"0.4832\",\"P02\":\"0.3600\"}', '{\"G001\":\"1\",\"G002\":\"2\"}', 0.4832),
(83, 'P01', '{\"P01\":\"0.5376\",\"P02\":\"0.4800\"}', '{\"G001\":\"1\",\"G002\":\"3\"}', 0.5376),
(84, 'P02', '{\"P02\":\"0.6000\",\"P01\":\"0.5920\"}', '{\"G001\":\"1\",\"G002\":\"4\"}', 0.6),
(85, 'P02', '{\"P02\":\"0.6000\",\"P01\":\"0.5920\"}', '{\"G001\":\"1\",\"G002\":\"4\"}', 0.6),
(86, 'P01', '{\"P01\":\"0.5376\",\"P02\":\"0.4800\"}', '{\"G001\":\"1\",\"G002\":\"3\"}', 0.5376),
(87, 'P01', '{\"P01\":\"0.8800\",\"P02\":\"0.6000\"}', '{\"G001\":\"4\",\"G002\":\"4\"}', 0.88),
(88, 'P02', '{\"P02\":\"0.6000\",\"P01\":\"0.5920\"}', '{\"G001\":\"1\",\"G002\":\"4\"}', 0.6),
(89, 'P01', '{\"P01\":\"0.6048\",\"P02\":\"0.3600\"}', '{\"G001\":\"2\",\"G002\":\"2\"}', 0.6048),
(90, 'P02', '{\"P02\":\"0.6000\",\"P01\":\"0.5920\"}', '{\"G001\":\"1\",\"G002\":\"4\"}', 0.6),
(91, 'P01', '{\"P01\":\"0.8800\",\"P02\":\"0.6000\"}', '{\"G001\":\"4\",\"G002\":\"4\"}', 0.88),
(92, 'P01', '{\"P01\":\"0.6880\",\"P02\":\"0.6000\"}', '{\"G001\":\"2\",\"G002\":\"4\"}', 0.688),
(93, 'P01', '{\"P01\":\"0.6464\",\"P02\":\"0.4800\"}', '{\"G001\":\"2\",\"G002\":\"3\"}', 0.6464),
(94, 'P01', '{\"P01\":\"0.6976\",\"P02\":\"0.2400\"}', '{\"G001\":\"3\",\"G002\":\"1\"}', 0.6976),
(95, 'P01', '{\"P01\":\"0.8800\",\"P02\":\"0.6000\"}', '{\"G001\":\"4\",\"G002\":\"4\"}', 0.88),
(96, 'P01', '{\"P01\":\"0.7840\",\"P02\":\"0.6000\"}', '{\"G001\":\"3\",\"G002\":\"4\"}', 0.784),
(97, 'P02', '{\"P02\":\"0.6000\",\"P01\":\"0.5920\"}', '{\"G001\":\"1\",\"G002\":\"4\"}', 0.6),
(98, 'P01', '{\"P01\":\"0.5376\",\"P02\":\"0.4800\"}', '{\"G001\":\"1\",\"G002\":\"3\"}', 0.5376),
(99, 'P02', '{\"P02\":\"0.6000\",\"P01\":\"0.5920\"}', '{\"G001\":\"1\",\"G002\":\"4\"}', 0.6),
(100, 'P01', '{\"P01\":\"0.8800\",\"P02\":\"0.6000\"}', '{\"G001\":\"4\",\"G002\":\"4\"}', 0.88),
(101, 'P01', '{\"P01\":\"0.8800\",\"P02\":\"0.6000\"}', '{\"G001\":\"4\",\"G002\":\"4\"}', 0.88),
(102, 'P02', '{\"P02\":\"0.6000\",\"P01\":\"0.5920\"}', '{\"G001\":\"1\",\"G002\":\"4\"}', 0.6),
(103, 'P01', '{\"P01\":\"0.6880\",\"P02\":\"0.6000\"}', '{\"G001\":\"2\",\"G002\":\"4\"}', 0.688),
(104, 'P02', '{\"P02\":\"0.4800\",\"P01\":\"0.4016\"}', '{\"G001\":\"2\",\"G002\":\"3\"}', 0.48),
(105, 'P01', '{\"P01\":\"0.3280\",\"P02\":\"0.2400\"}', '{\"G001\":\"4\",\"G002\":\"1\"}', 0.328),
(106, 'P02', '{\"P02\":\"0.3600\",\"P01\":\"0.3008\"}', '{\"G001\":\"1\",\"G002\":\"2\"}', 0.36),
(107, 'P02', '{\"P02\":\"0.3600\",\"P01\":\"0.3008\"}', '{\"G001\":\"1\",\"G002\":\"2\"}', 0.36),
(108, 'P02', '{\"P02\":\"0.3600\",\"P01\":\"0.3008\"}', '{\"G001\":\"1\",\"G002\":\"2\"}', 0.36),
(109, 'P02', '{\"P02\":\"0.4800\",\"P01\":\"0.4016\"}', '{\"G001\":\"2\",\"G002\":\"3\"}', 0.48),
(110, 'P01', '{\"P01\":\"0.0800\"}', '{\"G001\":\"1\"}', 0.08),
(111, 'P02', '{\"P02\":\"0.4800\",\"P01\":\"0.3744\"}', '{\"G001\":\"1\",\"G002\":\"3\"}', 0.48),
(112, 'P02', '{\"P02\":\"0.3600\",\"P01\":\"0.3008\"}', '{\"G001\":\"1\",\"G002\":\"2\"}', 0.36),
(113, 'P02', '{\"P02\":\"0.4800\",\"P01\":\"0.4560\"}', '{\"G001\":\"4\",\"G002\":\"3\"}', 0.48),
(114, 'P01', '{\"P01\":\"0.3616\",\"P02\":\"0.3600\"}', '{\"G001\":\"3\",\"G002\":\"2\"}', 0.3616),
(115, 'P02', '{\"P02\":\"0.3600\",\"P01\":\"0.3008\"}', '{\"G001\":\"1\",\"G002\":\"2\"}', 0.36),
(116, 'P02', '{\"P02\":\"0.4800\",\"P01\":\"0.3744\"}', '{\"G001\":\"1\",\"G002\":\"3\"}', 0.48),
(117, 'P02', '{\"P02\":\"0.6000\",\"P01\":\"0.4480\"}', '{\"G001\":\"1\",\"G002\":\"4\"}', 0.6),
(118, 'P02', '{\"P02\":\"0.3600\",\"P01\":\"0.3312\"}', '{\"G001\":\"2\",\"G002\":\"2\"}', 0.36),
(119, 'P02', '{\"P02\":\"0.3600\",\"P01\":\"0.3312\"}', '{\"G001\":\"2\",\"G002\":\"2\"}', 0.36),
(120, 'P01', '{\"P01\":\"0.2944\",\"P02\":\"0.2400\"}', '{\"G001\":\"3\",\"G002\":\"1\"}', 0.2944),
(121, 'P02', '{\"P02\":\"0.6000\",\"P01\":\"0.4480\"}', '{\"G001\":\"1\",\"G002\":\"4\"}', 0.6),
(122, 'P02', '{\"P02\":\"0.4800\",\"P01\":\"0.4016\"}', '{\"G001\":\"2\",\"G002\":\"3\"}', 0.48),
(123, 'P02', '{\"P02\":\"0.4800\",\"P01\":\"0.3744\"}', '{\"G001\":\"1\",\"G002\":\"3\"}', 0.48),
(124, 'P02', '{\"P02\":\"0.3600\",\"P01\":\"0.3312\"}', '{\"G001\":\"2\",\"G002\":\"2\"}', 0.36),
(125, 'P01', '{\"P01\":\"0.2944\",\"P02\":\"0.2400\"}', '{\"G001\":\"3\",\"G002\":\"1\"}', 0.2944),
(126, 'P01', '{\"P01\":\"0.3920\",\"P02\":\"0.3600\"}', '{\"G001\":\"4\",\"G002\":\"2\"}', 0.392),
(127, 'P02', '{\"P02\":\"0.4800\",\"P01\":\"0.4016\"}', '{\"G001\":\"2\",\"G002\":\"3\"}', 0.48),
(128, 'P02', '{\"P02\":\"0.2400\",\"P01\":\"0.2272\"}', '{\"G001\":\"1\",\"G002\":\"1\"}', 0.24),
(129, 'P02', '{\"P02\":\"0.4800\",\"P01\":\"0.4560\"}', '{\"G001\":\"4\",\"G002\":\"3\"}', 0.48),
(130, 'P01', '{\"P01\":\"0.2944\",\"P02\":\"0.2400\"}', '{\"G001\":\"3\",\"G002\":\"1\"}', 0.2944),
(131, 'P02', '{\"P02\":\"0.6000\",\"P01\":\"0.4480\"}', '{\"G001\":\"1\",\"G002\":\"4\"}', 0.6),
(132, 'P02', '{\"P02\":\"0.3600\",\"P01\":\"0.3312\"}', '{\"G001\":\"2\",\"G002\":\"2\"}', 0.36),
(133, 'P02', '{\"P02\":\"0.4800\",\"P01\":\"0.3744\"}', '{\"G001\":\"1\",\"G002\":\"3\"}', 0.48),
(134, 'P02', '{\"P02\":\"0.2400\",\"P01\":\"0.2272\"}', '{\"G001\":\"1\",\"G002\":\"1\"}', 0.24),
(135, 'P02', '{\"P02\":\"0.4800\",\"P01\":\"0.4560\"}', '{\"G001\":\"4\",\"G002\":\"3\"}', 0.48),
(136, 'P02', '{\"P02\":\"0.4800\",\"P01\":\"0.4016\"}', '{\"G001\":\"2\",\"G002\":\"3\"}', 0.48),
(137, 'P01', '{\"P01\":\"0.2944\",\"P02\":\"0.2400\"}', '{\"G001\":\"3\",\"G002\":\"1\"}', 0.2944),
(138, 'P02', '{\"P02\":\"0.2400\",\"P01\":\"0.2272\"}', '{\"G001\":\"1\",\"G002\":\"1\"}', 0.24),
(139, 'P02', '{\"P02\":\"0.6000\",\"P01\":\"0.4720\"}', '{\"G001\":\"2\",\"G002\":\"4\"}', 0.6),
(140, 'P02', '{\"P02\":\"1.0000\",\"P03\":\"0.6480\",\"P04\":\"0.4800\",\"P01\":\"0.1904\"}', '{\"G001\":\"1\",\"G002\":\"3\",\"G003\":\"4\",\"G004\":\"2\",\"G005\":\"4\"}', 1),
(141, 'P02', '{\"P02\":\"0.4000\",\"P04\":\"0.3600\",\"P03\":\"0.3312\",\"P01\":\"0.1904\"}', '{\"G001\":\"1\",\"G002\":\"2\",\"G003\":\"1\",\"G004\":\"2\",\"G005\":\"1\"}', 0.4),
(142, 'P01', '{\"P01\":\"0.2000\"}', '{\"G001\":\"4\"}', 0.2),
(143, 'P02', '{\"P02\":\"0.8000\",\"P04\":\"0.6000\",\"P01\":\"0.2944\",\"P03\":\"0.1600\"}', '{\"G001\":\"3\",\"G002\":\"4\",\"G004\":\"3\",\"G005\":\"3\"}', 0.8),
(144, 'P02', '{\"P02\":\"0.6000\",\"P04\":\"0.4800\",\"P03\":\"0.3920\",\"P01\":\"0.2640\"}', '{\"G001\":\"1\",\"G002\":\"3\",\"G003\":\"1\",\"G004\":\"4\",\"G005\":\"2\"}', 0.6),
(145, 'P01', '{\"P01\":\"0.2000\"}', '{\"G001\":\"4\"}', 0.2),
(146, 'P02', '{\"P02\":\"1.0000\"}', '{\"G018\":\"4\"}', 1),
(147, 'P03', '{\"P03\":\"0.6000\"}', '{\"G009\":\"4\"}', 0.6),
(148, 'P03', '{\"P03\":\"0.6000\"}', '{\"G009\":\"4\"}', 0.6),
(149, 'P04', '{\"P04\":\"0.4000\"}', '{\"G016\":\"4\"}', 0.4),
(150, 'P05', '{\"P05\":\"0.8400\"}', '{\"G006\":\"4\",\"G007\":\"4\"}', 0.84),
(151, 'P06', '{\"P06\":\"0.2000\"}', '{\"G004\":\"4\"}', 0.2),
(152, 'P07', '{\"P07\":\"0.4000\"}', '{\"G005\":\"4\"}', 0.4),
(153, 'P01', '{\"P01\":\"0.2000\"}', '{\"G001\":\"4\"}', 0.2),
(154, 'P01', '{\"P01\":\"0.0800\"}', '{\"G017\":\"1\"}', 0.08),
(155, 'P02', '{\"P02\":\"0.8000\"}', '{\"G018\":\"3\"}', 0.8),
(156, 'P02', '{\"P02\":\"1.0000\",\"P04\":\"0.4288\",\"P06\":\"0.2400\",\"P01\":\"0.2000\",\"P05\":\"0.1600\"}', '{\"G014\":\"1\",\"G015\":\"2\",\"G016\":\"3\",\"G017\":\"4\",\"G018\":\"4\"}', 1),
(157, 'P07', '{\"P07\":\"0.4800\",\"P03\":\"0.4624\",\"P06\":\"0.2000\"}', '{\"G002\":\"3\",\"G003\":\"4\",\"G009\":\"2\"}', 0.48),
(158, 'P02', '{\"P02\":\"0.8000\",\"P06\":\"0.4800\",\"P04\":\"0.3200\",\"P05\":\"0.3200\",\"P01\":\"0.1600\"}', '{\"G014\":\"3\",\"G017\":\"3\",\"G018\":\"3\"}', 0.8),
(159, 'P01', '{\"P01\":\"0.6928\",\"P04\":\"0.4000\",\"P03\":\"0.2000\",\"P05\":\"0.2000\"}', '{\"G001\":\"4\",\"G008\":\"4\",\"G012\":\"4\",\"G017\":\"4\"}', 0.6928),
(160, 'P02', '{\"P02\":\"1.0000\"}', '{\"G018\":\"4\",\"G015\":\"4\"}', 1),
(161, 'P03', '{\"P03\":\"0.7952\",\"P07\":\"0.6000\",\"P01\":\"0.2000\"}', '{\"G002\":\"4\",\"G010\":\"4\",\"G012\":\"4\",\"G009\":\"4\"}', 0.7952),
(162, 'P01', '{\"P01\":\"0.6928\",\"P04\":\"0.4000\",\"P03\":\"0.2000\",\"P05\":\"0.2000\"}', '{\"G001\":\"4\",\"G008\":\"4\",\"G012\":\"4\",\"G017\":\"4\"}', 0.6928),
(163, 'P04', '{\"P04\":\"0.8704\",\"P06\":\"0.6000\",\"P05\":\"0.5200\",\"P01\":\"0.4000\"}', '{\"G008\":\"4\",\"G013\":\"4\",\"G014\":\"4\",\"G016\":\"4\"}', 0.8704),
(164, 'P05', '{\"P05\":\"0.9693\",\"P06\":\"0.7600\",\"P04\":\"0.6400\",\"P01\":\"0.4000\"}', '{\"G006\":\"4\",\"G007\":\"4\",\"G008\":\"4\",\"G011\":\"4\",\"G014\":\"4\"}', 0.9693),
(165, 'P01', '{\"P01\":\"0.6928\",\"P04\":\"0.4000\",\"P03\":\"0.2000\",\"P05\":\"0.2000\"}', '{\"G001\":\"4\",\"G008\":\"4\",\"G012\":\"4\",\"G017\":\"4\"}', 0.6928),
(166, 'P02', '{\"P02\":\"1.0000\"}', '{\"G015\":\"4\",\"G018\":\"4\"}', 1),
(167, 'P03', '{\"P03\":\"0.7440\",\"P05\":\"0.6000\",\"P07\":\"0.6000\",\"P06\":\"0.4000\"}', '{\"G002\":\"4\",\"G010\":\"4\",\"G011\":\"4\",\"G009\":\"4\"}', 0.744),
(168, 'P04', '{\"P04\":\"0.8704\",\"P06\":\"0.6000\",\"P05\":\"0.5200\",\"P01\":\"0.4000\"}', '{\"G008\":\"4\",\"G013\":\"4\",\"G014\":\"4\",\"G016\":\"4\"}', 0.8704),
(169, 'P05', '{\"P05\":\"0.9693\",\"P06\":\"0.7600\",\"P04\":\"0.6400\",\"P01\":\"0.4000\"}', '{\"G006\":\"4\",\"G007\":\"4\",\"G008\":\"4\",\"G011\":\"4\",\"G014\":\"4\"}', 0.9693),
(170, 'P06', '{\"P06\":\"0.8464\",\"P05\":\"0.7600\",\"P04\":\"0.4000\"}', '{\"G003\":\"4\",\"G004\":\"4\",\"G011\":\"4\",\"G014\":\"4\"}', 0.8464),
(171, 'P07', '{\"P07\":\"0.7600\",\"P03\":\"0.2000\"}', '{\"G002\":\"4\",\"G005\":\"4\"}', 0.76);

-- --------------------------------------------------------

--
-- Table structure for table `gejala`
--

CREATE TABLE `gejala` (
  `kode_gejala` varchar(4) NOT NULL,
  `nama_gejala` text NOT NULL
) ENGINE=InnoDB DEFAULT CHARSET=utf8mb4;

--
-- Dumping data for table `gejala`
--

INSERT INTO `gejala` (`kode_gejala`, `nama_gejala`) VALUES
('G001', 'Bercak-bercak perak kecil di sisi permukaan atas daun'),
('G002', 'Bercak berwarna kuning pada daun'),
('G003', 'Daun terjadi bercak-bercak tidak teratur'),
('G004', 'Pusat bercak sering pecah sehingga menyebabkan bercak berlubang'),
('G005', 'Bercak berwarna coklat dan dibatasi oleh halo berwarna kuning'),
('G006', 'Bintik-bintik kecoklatan muncul diawali pada bagian bawah daun'),
('G007', 'Bintik-bintik hitam muncul pada bagian atas permukaan daun'),
('G008', 'Daun menguning di sisi permukaan atas daun'),
('G009', 'Timbul mosaik pada daun berwarna hijau kuning'),
('G010', 'Daun kaku'),
('G011', 'Daun mengering'),
('G012', 'Daun mengeriting'),
('G013', 'Daun layu'),
('G014', 'Daun rontok'),
('G015', 'Daun berlubang dan ciri khas lubang cenderung di bagian tengah'),
('G016', 'Batang atas dan pucuk okra menjadi layu dan diikuti bagian akar menjadi busuk'),
('G017', 'Buah muncul bintil-bintil'),
('G018', 'Buah tampak berlubang');

-- --------------------------------------------------------

--
-- Table structure for table `hamapenyakit`
--

CREATE TABLE `hamapenyakit` (
  `kode_hp` varchar(3) NOT NULL,
  `nama_hp` varchar(50) NOT NULL,
  `nama_latin` varchar(50) NOT NULL,
  `kategori` enum('Hama','Penyakit') NOT NULL,
  `gambar` varchar(255) NOT NULL
) ENGINE=InnoDB DEFAULT CHARSET=utf8mb4;

--
-- Dumping data for table `hamapenyakit`
--

INSERT INTO `hamapenyakit` (`kode_hp`, `nama_hp`, `nama_latin`, `kategori`, `gambar`) VALUES
('P01', 'Thrips', 'Thrips sp', 'Hama', 'thripsiCanva.png'),
('P02', 'Ulat Grayak', 'Spodoptera litura', 'Hama', '20210620_111838.jpg'),
('P03', 'Empoasca', 'Empoasca sp', 'Hama', '20210619_095042.jpg'),
('P04', 'Layu Fusarium', 'Fusarium oxysporum', 'Penyakit', '20210524_141553.jpg'),
('P05', 'Embun Bulu', 'Pseudoperonospora spp', 'Penyakit', '20210524_141925.jpg'),
('P06', 'Antraknosa', 'Colletotrichum gloeosporioides Penz', 'Penyakit', 'antraknosa_2.png'),
('P07', 'Bercak Daun', 'Cercospora Blight', 'Penyakit', 'bercakDaun_2.png');

-- --------------------------------------------------------

--
-- Table structure for table `solusi`
--

CREATE TABLE `solusi` (
  `kode_solusi` int(11) NOT NULL,
  `kode_hp` varchar(3) NOT NULL,
  `solusi` text NOT NULL,
  `slug` varchar(4) NOT NULL
) ENGINE=InnoDB DEFAULT CHARSET=utf8mb4;

--
-- Dumping data for table `solusi`
--

INSERT INTO `solusi` (`kode_solusi`, `kode_hp`, `solusi`, `slug`) VALUES
(143, 'P01', 'Pastikan tanaman tidak kekurangan air, jadwalkan pengairan secara tepat sesuai kebutuhan tanaman.', 'S001'),
(144, 'P01', 'Aplikasi insektisida bahan aktif Acetamiprid, Imidacloprid, dan Etofenprox dilakukan secara tepat mengenai permukaan bawah daun dan pada pukul 06.00-09.00.', 'S001'),
(145, 'P02', 'Matikan ulat yang ditemukan', 'S002'),
(146, 'P02', 'Aplikasi insektisida bahan aktif Methomyl, Permethrin, dan Etofenprox dilakukan secara tepat mengenai seluruh bagian tanaman dan pada pukul 06.00-09.00.', 'S002'),
(147, 'P03', 'Pastikan tanaman tidak kekurangan air, jadwalkan pengairan secara tepat sesuai kebutuhan tanaman.', 'S003'),
(148, 'P03', 'Aplikasi insektisida bahan aktif Acetamiprid, Imidacloprid, dan Etofenprox dilakukan secara tepat mengenai permukaan bawah daun dan pada pukul 06.00-09.00.', 'S003'),
(149, 'P04', 'Pastikan drainase baik, air dalam bedengan pada kondisi kapasitas lapang.', 'S004'),
(150, 'P04', 'Aplikasi fungisida bahan aktif Thiophanate methyl atau dimetomorph dilakukan secara tepat mengenai permukaan bawah daun pada pukul 06.00-09.00.', 'S004'),
(151, 'P05', 'Pastikan drainase baik, air dalam bedengan pada kondisi kapasitas lapang.', 'S005'),
(152, 'P05', 'Aplikasi fungisida bahan aktif Thiophanate methyl atau dimetomorph dilakukan secara tepat mengenai permukaan bawah daun pada pukul 06.00-09.00.', 'S005'),
(153, 'P06', 'Memusnahkan tanaman terserang.', 'S006'),
(154, 'P06', 'Tidak memegang tanaman yang sehat sehabis memegang tanaman sakit.', 'S006'),
(155, 'P06', 'Rotasi tanaman.', 'S006'),
(156, 'P06', 'Pengaturan jarak tanam agar lingkungan tidak terlalu lembab', 'S006'),
(157, 'P06', 'Sanitasi', 'S006'),
(158, 'P06', 'Drainase yang benar', 'S006'),
(159, 'P06', 'Aplikasi fungisida bahan aktif Thiophanate methyl atau dimetomorph dilakukan secara tepat mengenai permukaan bawah daun pada pukul 06.00-09.00.', 'S006'),
(160, 'P07', 'Sanitasi lingkungan', 'S007'),
(161, 'P07', 'Drainase yang baik', 'S007'),
(162, 'P07', 'Pergiliran tanaman', 'S007'),
(163, 'P07', 'Aplikasi fungisida bahan aktif Thiophanate methyl atau dimetomorph dilakukan secara tepat mengenai permukaan bawah daun pada pukul 06.00-09.00.', 'S007');

--
-- Indexes for dumped tables
--

--
-- Indexes for table `basis_pengetahuan`
--
ALTER TABLE `basis_pengetahuan`
  ADD PRIMARY KEY (`kode_pengetahuan`),
  ADD KEY `kd_hp` (`kode_hp`),
  ADD KEY `kd_gejala` (`kode_gejala`);

--
-- Indexes for table `diagnosa`
--
ALTER TABLE `diagnosa`
  ADD PRIMARY KEY (`kode_diagnosa`),
  ADD KEY `kode_hp` (`kode_hp`);

--
-- Indexes for table `gejala`
--
ALTER TABLE `gejala`
  ADD PRIMARY KEY (`kode_gejala`);

--
-- Indexes for table `hamapenyakit`
--
ALTER TABLE `hamapenyakit`
  ADD PRIMARY KEY (`kode_hp`);

--
-- Indexes for table `solusi`
--
ALTER TABLE `solusi`
  ADD PRIMARY KEY (`kode_solusi`),
  ADD KEY `kode_hp` (`kode_hp`);

--
-- AUTO_INCREMENT for dumped tables
--

--
-- AUTO_INCREMENT for table `diagnosa`
--
ALTER TABLE `diagnosa`
  MODIFY `kode_diagnosa` int(11) NOT NULL AUTO_INCREMENT, AUTO_INCREMENT=172;

--
-- AUTO_INCREMENT for table `solusi`
--
ALTER TABLE `solusi`
  MODIFY `kode_solusi` int(11) NOT NULL AUTO_INCREMENT, AUTO_INCREMENT=164;

--
-- Constraints for dumped tables
--

--
-- Constraints for table `basis_pengetahuan`
--
ALTER TABLE `basis_pengetahuan`
  ADD CONSTRAINT `basis_pengetahuan_ibfk_1` FOREIGN KEY (`kode_hp`) REFERENCES `hamapenyakit` (`kode_hp`),
  ADD CONSTRAINT `basis_pengetahuan_ibfk_2` FOREIGN KEY (`kode_gejala`) REFERENCES `gejala` (`kode_gejala`);

--
-- Constraints for table `diagnosa`
--
ALTER TABLE `diagnosa`
  ADD CONSTRAINT `diagnosa_ibfk_1` FOREIGN KEY (`kode_hp`) REFERENCES `hamapenyakit` (`kode_hp`);

--
-- Constraints for table `solusi`
--
ALTER TABLE `solusi`
  ADD CONSTRAINT `solusi_ibfk_1` FOREIGN KEY (`kode_hp`) REFERENCES `hamapenyakit` (`kode_hp`);
COMMIT;

/*!40101 SET CHARACTER_SET_CLIENT=@OLD_CHARACTER_SET_CLIENT */;
/*!40101 SET CHARACTER_SET_RESULTS=@OLD_CHARACTER_SET_RESULTS */;
/*!40101 SET COLLATION_CONNECTION=@OLD_COLLATION_CONNECTION */;
